{"cameraMode":{"drawMode":0,"name":"Shaded","section":"Shading Mode"},"sceneLighting":true,"audioPlay":false,"sceneViewState":{"m_AlwaysRefresh":false,"showFog":true,"showSkybox":true,"showFlares":true,"showImageEffects":true,"showParticleSystems":true,"showVisualEffectGraphs":true,"m_FxEnabled":true},"in2DMode":false,"pivot":{"x":29.138717651367189,"y":-86.3796157836914,"z":759.099365234375},"rotation":{"x":0.06684903055429459,"y":-0.002994552254676819,"z":0.00019929467816837132,"w":0.997763991355896},"size":379.5550231933594,"orthographic":false}